Ag,Miche,04.07.1979,3065.05
Carson,Nellis,03.11.1988,28237.15
Rockwell,Spurdle,11.01.1994,25169.0
Allene,Phillcock,27.06.1950,29875.77
Robers,Labba,11.01.1987,24133.07
Fianna,MacCumeskey,06.12.2006,27239.63
Montgomery,Gandy,05.10.1978,29942.23
Meryl,Bowsher,09.02.1999,4838.26
Michaella,Andrick,29.10.2016,16017.75
Anders,Connor,29.11.2001,9402.25
Brett,Meneely,29.06.1985,21488.23
Graehme,Searles,10.09.1955,8576.19
Thacher,Gowry,25.02.2017,11637.16
Preston,Markie,01.04.2019,22806.81
Yasmin,Cantua,05.01.1973,1710.93
Sibylle,Turnock,26.02.1961,19997.93
Nikolia,Churching,07.03.1965,25630.83
Leila,Bellson,17.12.1961,24759.0
Allistir,Bullocke,10.02.1953,27498.73
Shannah,Kirsop,12.03.1977,13750.44
Norah,Firmin,25.10.1989,16794.87
Odell,Lempertz,29.05.1961,2403.34
Gracie,Wort,21.07.1991,22330.63
Thalia,Markus,07.08.2017,22243.67
Koressa,Quickfall,11.04.1955,5091.59
Jorie,Satterlee,11.01.1984,20161.37
Moyna,Heber,27.11.1976,14859.54
Tiphanie,Abramovic,06.10.2001,22785.6
Tully,Wigmore,04.05.2001,27128.94
Andee,Vorley,20.10.1984,21030.83
Fields,Montford,02.01.2000,11656.79
Dale,Allans,30.09.1974,9253.76
Maury,Firebrace,29.01.1983,22603.14
Crysta,Bissiker,11.07.1954,9779.58
Geoff,Stollenbeck,31.08.1999,12681.95
Stevana,Folker,16.07.1955,9385.99
Fredia,Sebrens,25.09.1964,11717.53
Orin,Rolfs,04.08.1996,12667.93
Antonietta,Beagan,21.12.1986,19426.51
Kellina,Peotz,21.03.2000,22747.1
Philomena,Fleischer,01.08.2015,1194.14
Ephraim,Parmiter,01.08.2019,12873.5
Zsa zsa,Gouge,18.07.2002,17614.98
Norine,Gebby,26.08.1972,2575.55
Muffin,Heinle,04.05.1954,26857.07
Torry,Devitt,19.12.1951,19228.04
Cristabel,Shiel,03.12.1985,15706.86
Dody,Malby,23.07.1965,6054.21
Alejoa,Fassmann,18.09.1959,1003.92
Beulah,Dodd,23.07.1951,8969.19
Dorelia,Mosedall,30.07.2010,10670.84
Tricia,Fettes,28.07.1954,9627.78
Hadrian,Overington,22.02.1989,22214.68
Ado,McLennan,09.01.2000,19018.96
Gerhardine,Grewcock,04.12.1986,26252.97
Randene,Muldownie,01.04.2004,24818.53
Leonie,Waddell,24.02.1989,17852.6
Lock,Seeler,10.06.1993,9719.71
Aundrea,Frary,09.07.1957,21519.42
Jarib,Jendrich,15.10.1956,4493.53
Lorilee,Buddington,19.02.1984,8028.64
Dorice,Braunstein,26.02.1988,1152.31
Debbi,Fydo,26.08.2003,18253.61
Lorry,Ivens,03.02.1960,22406.24
Mella,Iannuzzi,17.03.1978,25957.0
Emylee,Glason,13.10.1981,17616.42
Cyrille,Cossom,28.09.1958,29403.85
Jackie,Pardie,13.01.1961,5090.13
Margarethe,Klaassens,05.06.1967,21774.67
Lonnard,Grinikhinov,21.05.2009,2929.08
Dara,Soles,21.05.2008,27028.98
Abrahan,McGuiney,20.11.2014,15273.68
Staffard,Wyer,27.03.1965,12462.37
Alard,Bertomeu,24.07.1974,8984.13
Maxie,Whitehair,27.08.2001,22556.35
Evelyn,Truran,29.11.1967,13987.33
Anet,Fawlkes,23.11.1973,3998.0
Cassie,Fillan,17.10.2007,9912.81
Pavia,Mattaus,14.07.1954,16996.08
Tristam,MacVay,23.04.2015,18419.44
Kiel,Scarfe,24.03.1994,24010.86
Lambert,Morey,07.08.1966,29145.03
Arlen,Rospars,24.02.2017,17518.13
Easter,Maulden,22.01.1970,5803.64
Clary,Raff,10.03.1953,4334.19
Cyrillus,Copper,12.10.2004,23718.76
Brinn,Ivanyushin,27.11.1992,25994.64
Christian,Wheatley,30.06.1985,25958.98
Bethina,Houseman,24.10.1962,27018.12
Rosco,D'Alesio,17.01.2000,9944.92
Petronilla,Toomer,01.05.2008,26131.68
Raina,Carlan,06.11.1990,10217.67
Harriott,Sunshine,23.02.2012,19150.59
Louella,Dickin,21.06.2014,8607.86
Vallie,Snare,19.12.1998,3779.92
David,Vernay,08.10.1963,25166.74
Jorgan,Itzchaky,15.05.1983,7585.46
Justine,Vlach,21.01.1952,16031.09
Hortense,Whieldon,11.04.1960,26502.74
Dacie,Prettejohns,10.01.1999,1758.16
Lizbeth,Kitchenman,04.10.2018,28253.76
Nady,Rosbotham,20.12.1978,28001.19
Kathye,Mecchi,07.07.1965,23791.04
Rolf,Symmers,23.07.1998,18733.67
Helene,Juris,26.03.1998,22493.15
Roland,Bellward,26.05.1985,23724.71
Wolf,Prestige,04.03.1957,23987.24
Carey,Bathowe,21.01.1966,10673.53
Ric,Stebbings,07.11.2003,4951.63
Bab,Linger,30.07.2013,16389.55
Robenia,Rasher,14.12.1977,25226.07
Tomasina,Mabbitt,11.09.2010,17690.63
Brendis,Atwood,17.08.1952,25428.81
Yoshiko,Aronow,23.06.1985,28048.21
Rozalie,Whimper,28.07.2013,21553.77
Stanislaw,Castellani,29.06.2003,27158.95
Britney,Croyser,25.03.1953,17677.61
Rosy,Khrishtafovich,15.09.2008,5870.27
Joann,Pinar,18.01.1964,20513.05
Addi,Molian,17.12.1954,25699.55
Zed,Strover,29.11.1967,24925.38
Alanah,Plesing,17.04.2002,1178.0
Sigismondo,Paylor,09.08.2001,25137.52
Lucius,Hobben,30.06.2006,3670.04
Toddie,Gowling,12.02.1999,3807.26
Brad,Piner,03.03.1959,19842.23
Taylor,Grishanin,16.01.1958,22064.12
Oren,Eliet,31.01.2005,25539.68
Lin,Sibbons,27.08.1991,18458.23
Russell,Hucker,14.11.1996,10831.61
Linell,Scane,30.01.1995,20335.16
Todd,Gieraths,07.06.1991,16784.89
Corey,Lartice,19.08.1955,3920.24
Cecilla,Arsnell,24.03.1973,4916.12
Westbrooke,Steely,18.06.2018,22744.54
Binky,McSharry,10.03.2011,21202.05
Teddy,Gleave,22.05.1995,13972.2
Neill,Johnys,28.10.1978,14028.86
Johnny,Izakson,31.10.1978,27742.84
Norbert,Poker,21.01.1977,6201.61
Guy,Bowe,28.04.1998,11518.51
Bent,Simoncini,20.01.2012,26677.87
Darn,Glencross,20.08.1999,10556.95
Alli,MacIlriach,08.09.1971,19226.45
Stirling,Haydn,30.06.1985,23042.22
Leon,Brommage,03.03.1959,22762.63
Octavius,Tryme,17.09.2010,16672.18
Kathryn,Quickenden,18.10.2003,14917.34
Gerry,Lewknor,22.12.1957,28008.07
Adah,Gallop,26.09.1992,10415.17
Kora,Whittaker,30.11.1982,9833.37
Sigrid,Glander,31.01.1991,10901.65
Sonny,Storrar,24.07.1954,12191.1
Hakim,Bednall,24.11.2006,16058.68
Kora,Derisly,25.09.2012,9425.74
Devland,Scoggin,18.06.2017,26868.39
Shannah,Penkethman,14.03.2003,6950.3
Almira,Jefferys,24.06.2011,7143.25
Jandy,Kolodziejski,03.06.1958,20122.44
Drugi,Howson,20.12.2010,23206.56
Bianka,Fewings,28.07.1992,15667.86
Jimmie,Prestland,13.03.1991,2607.81
Kimberly,Wiley,22.09.1951,4381.64
Stanislaw,Pithie,30.06.2009,10887.29
Murdock,Poulglais,16.12.1961,4417.23
Hatty,Ligertwood,30.04.1990,7705.32
Bink,Pavey,18.12.1976,8705.34
Yul,Barendtsen,18.07.1990,23425.08
Noelle,Mulhall,05.12.1974,23936.07
Neal,Valler,21.11.2014,23990.41
Ellery,Topling,21.09.1997,25381.37
Sherie,Burmingham,21.07.2018,12000.19
Chip,Urpeth,03.08.1984,23588.03
Gradeigh,Poulglais,23.10.1951,15656.19
Ardis,Braidman,23.12.1979,22957.42
Arielle,Avard,05.10.1963,7619.44
Abdel,McGaraghan,12.08.1970,2389.34
Cherish,Drance,07.08.1956,27933.63
Kristen,Basile,19.06.1996,9766.81
Giacopo,Speddin,02.10.1965,20255.98
Cayla,Gresswood,10.08.2016,20105.17
Mitchael,Smedmore,09.02.1983,15060.45
Pierrette,Iacomini,02.05.1954,6141.8
Bekki,Bengoechea,20.04.2003,11892.44
Giulia,Trudgion,24.09.1971,3405.92
Niall,Iacovucci,09.12.2014,24898.95
Hagen,Crother,05.07.1997,25792.91
Panchito,Howell,18.12.1950,19648.49
Dionisio,Kingaby,19.04.2002,20010.24
Merry,Esslemont,24.05.1979,19254.92
Eugen,Olanda,29.04.2007,20016.35
Merrily,Crepin,17.05.1994,13793.04
Ardene,Friskey,10.09.1961,27661.01
Lilli,Grafton-Herbert,28.12.2002,6065.71
Euphemia,Mullins,30.11.1952,25343.1
Lara,Alvarado,15.11.1983,28641.19
Davida,Rodenburg,23.03.2011,14752.4
Teodor,Jacob,16.10.1982,2047.29
Lorrie,Clementel,03.06.1979,13990.79
Sari,Peattie,08.10.1961,5558.39
Wernher,Youster,31.05.1958,18711.48
Tony,Varndall,27.02.2017,6366.91
Lyda,Cox,26.03.2004,28014.67
Halette,Drover,05.04.1950,16015.8
Ricki,Gaw,24.02.1971,15089.7
Lonna,Priver,19.07.2017,4049.5
Caroljean,Odegaard,09.03.1964,19142.28
Teodorico,Moraleda,10.12.2008,17616.84
Sibylla,Glaserman,01.02.1950,17604.42
Gabriellia,Pindred,23.12.2009,11590.16
Carlos,Aylott,04.09.2016,8016.15
Pris,Greggersen,08.01.2007,3871.9
Aeriel,Douglas,19.02.1966,6403.93
Regina,Cleminson,14.12.1972,11082.08
Gualterio,Huburn,22.03.1998,17254.12
Tab,Yong,30.01.1976,26228.67
Modestia,Riccelli,11.09.1972,4994.49
Tommie,Kitt,25.06.1978,18743.68
Jessika,Spere,19.12.1956,26819.9
Mead,Huyche,03.02.2004,7918.66
Michelina,Rogge,09.08.2011,26980.07
Ely,Dalyiel,25.05.1994,13817.0
Allen,Steffan,30.12.1955,15151.93
Lotty,Gasquoine,29.10.1976,26947.12
Donnajean,Olivas,18.04.1982,11464.29
Lanny,Gadney,26.05.2011,12492.46
Bealle,Morlon,09.07.1967,17211.88
Obadias,Benting,01.12.2001,1274.85
Stern,Verheyden,15.09.1965,24413.23
Horatius,Kramer,04.02.2007,14921.18
Cob,McLucas,01.07.2015,28228.52
Robinett,Breslane,10.09.1957,27888.16
Valry,Yarnall,12.09.1962,1077.92
Rosalind,Porteous,01.12.1956,12563.98
Allayne,Arnau,02.01.1956,19900.39
Graig,Beckhurst,08.02.2011,5466.94
Lorrie,Bowdler,13.02.2001,19370.74
Mabelle,Bowdon,14.07.2006,3690.72
Ravi,Unwin,21.08.1959,28101.86
Vincents,Huton,22.02.1993,1533.06
Bathsheba,McKitterick,12.01.1964,24515.61
Alla,Bolletti,08.07.1977,28777.69
Keely,Kleinpeltz,21.11.1978,16227.66
Weylin,Weeds,15.11.1966,9286.95
Wayland,Prenty,24.04.1990,2041.25
Augy,Paine,12.11.1994,25133.6
Vaughan,Marden,11.02.2005,11301.84
Brenden,Maggs,22.11.1999,5522.22
Lotta,Dunsford,13.07.1977,28831.35
Maddy,Oger,29.04.1956,19693.88
Alfreda,Kwiek,06.12.2001,8555.32
Doris,Lapham,01.12.1966,14221.08
Gaylene,Bewick,08.09.1983,2165.86
Jerrome,Echalie,13.04.1958,21101.37
Nickie,Sallenger,23.02.2012,26652.72
Dolley,Anfrey,27.06.2003,17799.3
Mendy,Wraighte,06.02.1993,17091.99
Brittni,Spensly,14.07.1955,26343.56
Drucy,Nashe,10.01.1974,3620.8
Killian,Lucas,15.09.1988,27184.15
Ag,Orrey,21.08.2016,21630.92
Fletcher,Leaney,21.12.1985,9541.12
Mario,O'Cooney,01.11.1965,13952.42
Donall,Bleue,14.12.2004,5810.19
Taryn,Penhalewick,05.01.1957,11199.09
Delmor,Simmins,09.05.1960,6776.43
Jermayne,Antliff,11.12.2019,7324.99
Rorie,Meldrum,15.02.1982,10854.5
Alex,Espin,30.05.1968,24976.75
Phaedra,Brodway,11.09.2019,12869.86
Hortensia,Josef,20.05.2002,26636.12
Diann,Gilbee,06.09.2009,10651.78
Tanhya,Villa,12.11.1985,5346.29
Yvette,Hurling,23.09.1962,1809.56
Nariko,Lowndsborough,20.09.2005,10658.24
Lucio,Nassey,10.12.1952,12003.25
Raynell,Labbett,25.10.1997,14216.54
Lindi,Pankethman,30.05.2008,17002.13
Justen,Matthai,03.02.1966,25856.77
Misty,Viollet,12.12.2007,22182.74
Boris,Breinl,08.04.1971,3443.56
Halsy,Hymas,18.01.1996,19759.56
Nadeen,Charleston,19.06.1956,18681.64
Nicola,Gasgarth,17.02.1984,23610.69
Natassia,Spuner,08.05.1971,26943.66
Adey,Geraldini,22.06.1960,11904.2
Hieronymus,Leman,31.03.2018,7738.46
Early,Boosey,29.04.1972,1800.04
Morgan,Hagwood,09.05.2016,15007.08
Rozelle,Adelsberg,09.03.2016,15741.38
Alida,Hornbuckle,14.12.2019,22769.45
Herbert,Jovasevic,20.10.1950,5863.85
Wallie,Earlam,10.11.1981,22080.09
Hermy,Del Monte,18.09.2019,1841.28
Gaynor,Bellsham,16.06.1965,4465.87
Dorree,Lintall,19.07.1962,26274.07
Hannis,Etheredge,17.03.1960,21860.44
Stafani,Mycroft,09.08.1973,25795.68
Weston,Benny,09.01.1958,9827.78
Dyane,McTerrelly,14.04.1960,28682.66
Herschel,Dudin,18.09.1990,28282.34
Burch,Pigny,02.05.2012,19245.5
Shelly,Proud,22.11.2016,11704.93
Allis,Roddy,13.01.2008,8455.02
Errol,Codling,20.11.1961,2176.25
Gerald,Lindell,23.04.1993,14559.36
Robbin,McTrustam,23.09.1994,25374.12
Pace,Newlove,17.05.2016,18989.76
Rich,Anthona,17.08.1981,15553.24
Timmy,Brockton,05.03.1982,7484.01
Murvyn,Hawkridge,27.08.1999,18912.05
Ky,McQuorkell,29.12.1992,29003.53
Jeffie,Armsby,20.10.1952,14048.74
Diena,Basil,28.09.1961,8154.72
Henry,Esch,05.01.1969,15765.63
Merla,Senecaux,28.11.1973,29407.12
Millicent,Lucken,19.10.1959,24130.58
Donny,Bubbins,22.09.1961,19435.63
Lyssa,Dainton,11.07.1992,24808.79
Germaine,Cowlard,13.06.1998,3500.89
Lynnelle,Francesc,15.09.2002,24139.12
Dennis,Geistbeck,26.05.1966,16936.51
Lilia,Tripony,10.07.1994,25057.8
Clay,Weatherup,19.12.1983,11910.19
Zach,Sier,18.12.2017,16398.03
Berne,Whate,13.06.1992,29644.26
Goddard,Cordelette,02.11.1955,11981.15
Eilis,Jaffra,21.06.1969,4101.53
Emmett,Esser,02.04.1960,4636.61
Redford,Halfhyde,12.05.1998,23757.76
Bev,Guihen,24.10.1967,18125.17
Sherm,Pellew,26.11.1963,21321.51
Abigael,Milne,29.11.2017,9575.05
Tallie,Houldin,18.09.1965,19846.0
Dulcie,Curness,27.02.2001,29614.02
Ricky,Reeson,24.07.2018,24588.83
Serge,Baskerville,22.08.2005,29225.04
Antonio,Bilyard,20.07.1977,1570.91
Lyndel,Enderson,28.03.2014,16762.1
Katerine,Vamplew,26.03.1958,2687.64
Antonietta,Loblie,04.05.2019,13375.27
Brendan,Gange,09.04.2005,21518.35
Frayda,Nuzzti,14.11.1990,27230.48
Roxi,McLemon,05.01.1986,26364.33
Codee,Guinnane,25.06.1994,15952.5
Mitchell,Tayler,03.07.1998,14478.2
Ediva,Josovitz,19.05.1991,16216.68
Nanice,Whitham,04.03.2007,19995.43
Jacklin,O'Cleary,19.10.1999,5091.85
Bartholomeus,Schankelborg,28.08.2018,10758.34
Dilan,Korn,06.06.2002,19522.34
Marlene,Shewon,22.09.1976,27628.72
Dareen,Heinsen,04.04.1987,2892.74
Darcy,Winsley,08.12.1982,18496.16
Felicle,Buncombe,23.07.1976,4737.49
Jonie,Presslee,02.06.1989,26546.7
Ahmad,Conerding,29.03.1961,17787.38
Hersch,Duplain,21.04.1974,12913.83
Elsi,Yeskov,17.09.1971,22093.55
Demeter,St. Quentin,21.04.2016,3318.15
Nan,Kuscha,30.08.1994,29344.74
Olenolin,Allcorn,29.10.1973,17432.74
Gussy,O'Cuddie,28.05.2016,9460.68
Kenn,Troman,27.02.1960,10794.83
Gustav,Flello,19.10.1980,2776.3
Adan,Bromehed,01.07.1980,1644.43
Maribelle,Ventris,12.10.1974,12556.5
Bary,Orrobin,11.03.1960,28388.82
Marjorie,Corstorphine,04.02.1996,3578.01
Debor,Meese,14.08.2002,5447.08
Gray,Gergolet,06.06.1958,15250.11
Thekla,McIlveen,22.09.1952,11654.01
Dee,Pembridge,11.06.1997,23049.85
Daron,Carlisso,18.01.2013,4593.92
Archibold,Pepi,23.08.1964,4208.92
Zeke,Pieche,31.05.1958,20982.51
Bertine,Disman,17.12.1978,19609.83
Celestyn,Shakesby,14.06.1978,7034.57
Ingemar,Eversley,16.07.1999,6756.91
Teddy,Cockrill,12.10.2010,24268.48
Alicia,Szimon,20.03.1962,1202.76
Laurie,Moehler,14.08.1953,20485.05
Titus,Jedrysik,05.04.1993,5367.94
Elinore,Cunniam,10.07.1999,2555.11
Melicent,Tissell,26.05.1999,24111.99
Chrissie,Bilby,08.12.1960,12542.09
Ruy,Tunnow,09.09.1965,3110.82
Gloriane,Ferrucci,31.03.1972,12613.66
Correy,Pointon,15.09.1996,9826.38
Jeromy,Waring,23.04.1992,26951.63
Rori,Way,26.02.1966,10507.24
Roobbie,Shutle,01.10.1954,26082.35
Tomlin,Yerbury,06.07.1960,20892.99
Tiphanie,Evelyn,16.04.1987,1464.99
Judon,Redgrove,19.09.1965,15997.2
Alie,Gulley,18.11.2006,24991.15
Krystal,Lockwood,04.08.1980,4166.84
Weston,Feasley,31.12.2007,29538.12
Roxanne,Urian,27.02.1987,26503.14
Viole,Gircke,26.10.1951,9448.15
Barbabra,Edess,17.08.1960,8797.4
Lyndsey,Yarwood,26.06.1961,7595.94
Kizzie,Piddle,30.05.2008,23988.26
Arlette,Garrick,23.06.1984,1635.95
Jania,Skentelbery,02.11.2008,5285.65
Elvyn,Chesnut,01.01.1984,21807.89
Isak,Valde,08.01.1958,3330.24
Clarance,Bolsteridge,09.04.1961,22315.47
Hali,Collier,15.04.2009,21794.46
Brianne,Bealton,16.07.1978,19863.98
Yorgo,Kollaschek,28.07.1993,11304.52
Alexandr,Snoding,23.01.1998,24905.42
Nils,Fazan,27.03.2009,3231.22
Belia,Wane,06.09.1972,25353.31
Gilbertina,De Michetti,04.11.2004,22767.61
Sianna,Strangward,16.11.1954,12838.96
Piotr,Drescher,16.07.1991,16330.95
Yetta,Stonhard,10.12.1962,22046.17
Ermina,Hustings,29.09.1982,29647.42
Kirsteni,Dalmon,02.03.1969,20483.87
Hilary,Chittenden,18.08.1997,21157.54
Dominique,Larciere,19.02.1959,19186.6
Vilma,Tadman,09.07.2015,26154.6
Nat,Roderighi,16.03.1953,14950.1
Neal,Tooby,28.05.1970,7541.61
Grove,Hosten,19.12.1975,24913.45
Jenna,Cordingley,25.09.1998,21419.2
Parker,Prestidge,06.03.2001,28648.38
Brandi,Townby,21.07.1999,4762.16
Charisse,Tomaino,09.01.1981,27919.01
Lark,Roizin,01.06.2013,26396.22
Alexandra,Sillett,03.07.2015,20701.65
Dionne,Bethune,25.03.1968,4738.05
Dorri,Graser,30.08.1999,21889.37
Hannah,Shwalbe,07.09.1973,22441.15
Willi,Proger,23.03.2003,13968.65
Alli,D'Andrea,06.01.2006,27079.45
Rodney,Golling,18.08.2018,29303.65
Maye,Marusik,16.08.2015,25348.07
Tymon,Gosker,04.07.2014,7943.86
Grantham,Fould,18.11.2007,29007.92
Aubert,Keel,22.01.2015,25920.96
Abdul,MacAllister,30.11.2014,22581.0
Hulda,Harrop,28.10.1985,3925.55
Dido,Russo,11.10.1956,26651.91
Irena,Tarren,24.02.1985,16137.45
Cly,Ledeker,26.01.1960,10350.64
Desdemona,Dwelling,12.04.1970,8766.58
Mohammed,Ert,13.11.1988,20964.18
Aeriell,Leedal,06.08.2004,19850.19
Abby,Wragg,28.10.2002,20794.37
Asa,Bouette,08.06.1970,5219.94
Kirsteni,Tommasi,10.09.2013,26915.16
Sanderson,Dearn,22.06.2005,19993.12
Cris,Phillimore,07.02.1972,26997.87
Ceil,Waycott,10.01.1956,22468.14
Flemming,Claye,28.12.1952,16913.26
Milka,Arnoult,15.03.2009,27142.2
Ally,Hinckes,02.09.1988,8915.57
Ainsley,Osichev,03.10.1960,8926.17
Louie,Spellar,13.03.1996,20933.03
Claudianus,Balaizot,20.11.2005,8668.13
Modesty,Yardy,31.10.1985,29881.01
Melita,Brothwood,17.03.2010,9034.4
Mathias,Trevear,02.07.1961,2100.6
Shurlocke,Howroyd,28.09.1998,6743.88
Merrielle,Braven,14.08.1964,16713.56
Laurie,Espada,04.10.2001,12521.27
Susana,Marcone,09.07.2000,2464.29
Mala,Meads,22.03.2006,4023.6
Ann,Killingback,20.07.2006,18572.01
Catlee,Remmers,06.12.2006,17487.09
Floris,Threlkeld,29.09.1957,29213.51
Felice,Duckitt,06.08.2000,3877.13
Annissa,Allmen,24.02.1991,2619.02
Petronille,Sein,08.02.1958,3141.68
Karrah,Peasey,15.06.2002,29817.06
Brockie,Christoffe,26.04.1967,28378.35
Myrtia,Pfeffel,15.05.1958,12344.55
Saxon,Dartan,08.12.1952,24343.22
Garrik,Taplow,09.02.2007,11467.74
Daryl,Mechic,11.08.1957,24325.97
Ketti,Gerold,12.02.1999,19639.37
Hughie,Wahncke,11.02.1973,15038.64
Lamar,Greenly,22.03.2009,20832.39
Demott,Chesney,25.12.2008,27150.88
Deirdre,Gomar,06.10.1994,19180.39
Karena,Kalaher,20.04.2005,29883.96
Ninette,Stanbro,01.03.2007,11757.37
Orlan,Tembey,12.04.1975,16988.23
Thedrick,Ionnidis,26.01.2017,1241.25
Marcello,Kubiak,19.10.1952,20242.55
Kelly,McCombe,01.12.2017,14171.2
Alejoa,Dowsing,02.09.2005,19209.95
Dido,Meanwell,15.06.2005,15781.94
Sheela,Teasell,18.02.1963,27062.45
Bert,Tett,19.05.2017,13195.22
Sayre,Notley,20.01.1971,6568.0
Lyle,Pikhno,05.06.1991,21807.32
Tandi,Garralts,08.06.2010,28490.86
Venus,Espley,06.06.1950,18122.06
Syd,Rivett,03.08.1958,8093.69
Eleanore,Risbrough,14.02.1981,11821.26
Letitia,Rippen,10.01.1997,14037.05
Abigael,Plowes,18.07.2013,25982.54
Kat,Morgue,09.08.2013,25479.59
Carlye,Spellward,26.06.1972,2088.4
Albina,Southern,02.01.1973,25899.65
Lynett,Glauber,18.03.1969,25691.49
Portia,MacLaughlin,30.07.1998,20684.3
Ramsay,Haggard,01.01.1982,12437.52
Amery,McIlmurray,25.10.2004,11759.37
Dora,Bullick,10.06.1950,21292.7
Luise,Tinkler,20.09.2017,29768.83
Marillin,Berget,15.12.1971,16217.65
Alaine,Wemes,30.06.1984,12958.19
Charlene,Nano,03.06.1970,29789.13
Cobby,Adrian,24.03.2016,29821.55
Cheryl,Pauleau,03.07.1984,22148.88
Krispin,O'Howbane,21.11.1958,28271.44
Lynna,Lohan,16.10.1979,12994.75
Judon,Feige,30.04.2015,18392.41
Sayer,De Freitas,15.05.1959,15227.32
Erna,Gonsalo,06.09.1959,17097.03
Silas,Balderson,06.05.1981,18371.86
Larisa,Loomis,25.04.1985,1698.23
Antoni,Mouncher,19.07.1976,17387.39
Welsh,O'Sullivan,28.03.1989,8042.34
Teodor,Cadany,10.02.1978,2475.92
Juliet,Schuck,28.01.1966,1281.92
Loria,Maskew,23.08.2011,21176.07
Rosanna,Nuzzi,06.05.1953,3730.87
Opalina,Choules,24.04.2002,10336.26
Arther,Glyn,10.05.1983,21525.32
Bess,Andres,04.06.1951,1620.57
Wenona,More,04.10.1960,26670.53
Sanson,Ramsby,14.02.1978,16648.82
Kristy,Wilce,18.02.2002,26402.82
Burlie,Coyett,04.12.2012,16807.21
Rawley,Danielsky,18.09.1953,8988.7
Cullin,Willshere,07.10.1978,12673.91
Carlene,Allflatt,05.10.1973,12127.51
Corina,Layfield,27.11.1994,25910.87
Danell,Silmon,09.03.1984,29969.05
Chaunce,Heine,19.11.1994,10298.99
Brooks,Paraman,11.11.2018,22443.44
Onfroi,Aggs,12.07.1958,29696.81
Paula,Powling,27.06.1955,16747.2
Eb,Rumbellow,01.07.1952,26419.48
Mirilla,Teml,25.07.1975,8203.37
Hyman,Shoard,23.02.1950,11832.29
Shanie,Fransman,11.12.1951,15120.66
Alina,Boughtflower,06.07.1968,24008.52
Sidney,Fernihough,19.03.1954,7191.02
Jami,Fridaye,21.12.1988,3074.11
Fiorenze,Abrahamoff,30.11.2007,22912.63
Ronalda,Mylan,08.03.2005,21344.25
Florence,Cornelis,19.01.2006,26391.44
Brewster,McGuckin,22.07.1954,14505.39
Vitoria,Ciccoloi,04.06.1964,28030.48
Stacie,Clorley,05.09.1987,28520.53
Linn,Nealand,01.10.1958,9701.47
Emmalee,Vears,27.06.2006,19494.66
Meade,Itzkov,20.06.2012,21065.87
Gelya,Hame,29.05.1998,27908.71
Husein,McKue,27.05.1961,6939.9
Melessa,Renackowna,02.10.1954,12980.71
Aurea,Rosendale,08.01.2013,24314.66
Ulises,Bickerdicke,22.02.2014,26462.22
Michelina,Kitchaside,18.04.1992,19269.71
Neils,Flindall,30.03.1970,10484.42
Nina,Arents,16.09.1981,21679.88
Gorden,Goldie,14.12.1987,25173.26
Amelina,Kerss,18.08.1980,16321.21
Alexandr,Senechell,06.05.1996,1292.73
Kalindi,Masserel,22.05.1968,11889.29
Ilario,Plampeyn,10.10.1956,15237.03
Millicent,Fanshawe,27.09.1955,27442.28
Allister,Doyley,20.01.1968,5456.02
Bessie,O'Fielly,09.11.1984,7478.91
Tripp,Giacomozzo,28.08.1986,27881.28
Beckie,Loseby,20.02.2019,16301.72
Jesus,Bosworth,01.12.1987,25136.47
Juditha,Pettko,02.03.1959,13082.99
Olva,Aspinwall,21.10.1976,17297.55
Christalle,Cloney,10.05.1956,14937.71
Riva,Hamments,07.01.2019,9087.12
Lexis,Avramovic,12.12.2001,24766.32
Walton,Kunc,01.05.1991,9447.99
Faith,MacFaell,12.10.1967,7732.82
Delly,Frosch,21.09.2009,9650.37
Darci,Cleal,07.12.1965,3749.92
Alvan,Darnell,27.05.2003,22813.75
Sauncho,Freschini,15.04.1977,23268.24
Weber,Withur,25.08.2010,23027.53
Gabbi,Struijs,26.07.1981,23031.48
Gussie,Kasher,18.06.1956,20761.44
Erick,Thalmann,17.07.1968,3863.89
Vittorio,Kingcote,21.05.1954,6538.47
Sela,Gipson,24.06.1986,25664.44
Darla,Ambresin,02.08.1987,29548.56
Reena,Bridell,27.02.1994,14118.16
Willem,McKiddin,21.04.2015,29335.84
Rolfe,Sydney,03.10.2002,22851.82
Anica,Benedicto,08.08.2005,18792.85
Tybie,Balf,07.02.1958,18205.17
Marlee,Tasker,05.04.1980,28806.91
Nicky,Massimi,04.03.1988,29894.25
Jorge,Bockett,23.09.1966,2136.82
Kayla,Sporton,20.09.1982,3697.11
Hobart,Jacobssen,13.07.1986,17286.28
Ruttger,Hanny,30.06.2008,25376.62
Maddie,Trassler,18.08.2014,13879.68
Merralee,Jamrowicz,28.12.2014,15425.08
Trumann,Bettaney,02.11.1983,18458.28
Trish,Juanico,23.01.1996,8948.33
Oralle,Gaytor,26.01.2017,3936.92
Kayle,Redman,05.12.1993,21397.54
Filbert,Cromett,23.05.1975,20830.25
Barty,Lenchenko,16.05.1997,11304.8
Keri,Jills,26.02.2006,23806.23
Arvie,Longcaster,22.02.1958,15306.41
Kyla,Balasini,06.12.2018,8860.88
Felicia,Perfect,18.06.1970,6163.7
Ann-marie,Rook,09.12.1966,17758.79
Kermy,Boutton,06.02.1963,14381.31
Ailey,Delagnes,04.02.1961,22497.53
Catina,Hatchette,03.10.1972,22649.45
Gonzalo,Chugg,17.12.1986,2845.5
Cobbie,Bockman,16.04.1992,22967.1
Andros,Cuss,10.05.1975,2393.56
Davita,Kleiser,09.03.1968,6744.16
Janela,Bulcock,11.01.1986,3386.28
Lucienne,Tranter,30.10.1953,22756.8
Gannie,Golden of Ireland,18.03.1969,21699.56
Griselda,Halsall,05.10.1963,2816.4
Kata,Pembry,19.11.1967,6930.14
Elita,Kelloch,09.10.1996,3043.08
Carole,Coates,20.01.1997,2641.8
Ignaz,Trudgeon,13.08.1989,7499.05
Erny,Aylwin,11.10.1970,14967.43
Enid,Rubinchik,16.12.2005,29431.59
Siegfried,Downing,26.05.1967,29322.71
Ruddie,Cleveley,09.08.2015,4821.69
Clara,Gooderick,13.01.1984,25209.91
Derick,Filochov,03.11.1951,23077.19
Sebastien,Kuhn,29.07.1967,2242.65
Ainslie,Abbatucci,30.04.1964,21384.96
Jody,Dredge,10.04.2018,9994.78
Ody,Goligher,24.02.1977,19487.42
Raddy,Ybarra,30.09.1973,8510.75
Yalonda,Saphin,13.08.1976,16948.24
Austin,Stronge,31.01.1961,18666.82
Lira,Kinton,07.12.1983,29325.28
Kirk,Lewnden,26.08.2002,24081.14
Antoine,Carse,12.06.1952,10159.68
Geoffrey,Gabbitis,25.04.2016,9981.91
Neils,Meacher,31.08.1964,25882.95
Mela,Juara,11.11.2004,22421.08
Kermit,Brabbins,25.02.2000,19352.16
Joseito,Lurcock,29.09.1979,18055.94
Erv,Indgs,04.06.1989,28915.34
Brock,Youell,30.10.1977,2652.51
Melita,Treversh,12.08.1961,11998.54
Lynett,Eliez,18.09.1995,27568.26
Amos,Yakushkin,25.05.1972,4324.71
Nessi,Alejandri,07.01.1961,21013.77
Iris,Jagiela,31.12.1961,23156.94
Paulie,Real,02.02.2003,26430.0
Levin,O'Mailey,24.07.1997,4978.64
Iolande,Pirkis,09.12.2004,1596.23
Tito,Housiaux,03.12.1953,2357.85
Kate,Georgius,31.05.2007,4066.05
Corie,Aleksahkin,08.07.1972,6874.26
Anatollo,Napolitano,27.05.1957,8753.02
Creighton,Gater,28.08.2009,5777.21
Cassi,Cristofor,24.02.1954,7507.65
Rutter,Basilio,03.02.2010,1125.85
Bidget,Jevons,12.03.2015,17835.71
Arabel,McDonagh,29.04.2004,22085.66
Tamra,Jirek,10.07.2001,26722.04
Lyman,Witsey,29.05.1955,13450.54
Francois,Gleadle,11.11.2019,12147.32
Glenn,Aherne,23.10.1977,20470.8
Effie,Precious,31.01.1956,5891.49
Ebeneser,Ripper,13.09.2017,21071.52
Manolo,Haddock,15.05.2018,18738.01
Allister,Teresia,11.10.1990,3177.92
Gordan,Paszek,22.10.2000,4845.72
Flory,Macklin,17.04.1998,23102.02
Maia,Pane,30.05.1963,24197.38
Claretta,Stanford,15.07.1954,5210.32
Konrad,Cianni,15.01.1952,14228.89
Alleen,Carrett,10.02.2018,24131.48
Peta,Woofenden,14.08.2012,5906.67
Corri,Solman,20.02.2017,10662.8
Lane,Pace,01.06.1998,6919.63
Phillis,Beagrie,28.11.1957,25986.44
Nikki,Sells,30.01.1959,23661.29
Pen,Revel,25.11.1977,16467.17
Viole,Lankester,24.01.2014,12286.0
Swen,Stollenhof,11.04.1976,2005.84
Dur,Choldcroft,17.05.1982,26680.55
Deeanne,Pfaff,09.01.2019,3482.72
Daphene,Carous,30.12.1994,22497.42
Port,Norquoy,11.04.1963,4815.44
Reinold,Marshman,17.09.1956,5993.1
Chery,Clifford,05.03.1977,21977.73
York,Craufurd,04.07.1952,29706.7
Dulcine,McBryde,21.08.2015,27710.71
Dulcie,Stanyer,13.12.2015,1271.01
Barton,Huish,17.09.2017,25678.97
Josias,Gothrup,12.08.1982,14071.15
Melisandra,Elfes,19.01.1955,16762.65
Franciskus,Hoffman,29.11.2013,16094.6
Hagan,Swettenham,12.06.1968,1481.82
Arlan,Badger,08.02.1957,23207.11
Alfons,Spatari,18.12.2013,21110.94
Tiena,Bernhardt,28.12.1984,29626.05
Dana,Ludlamme,05.10.2002,27597.44
Seline,Trundle,10.11.1962,19580.11
Georas,Edington,04.02.2017,25459.87
Daveta,Lagadu,01.04.2013,4495.49
Ignacius,Kynson,12.05.1992,5899.33
Marijn,Twelvetrees,13.02.2015,10767.22
Waldo,Timmes,04.08.2018,1184.65
Lutero,McVicker,22.04.2008,28618.24
Yehudi,Ginnane,11.02.1995,26592.27
Amara,Antczak,25.07.1982,6161.42
Frannie,Gillison,01.11.2004,17663.64
Kaia,Heeney,12.03.1982,28356.7
Wren,Chese,17.06.1998,13799.13
Steffane,Buckthought,09.08.1974,3703.08
Morton,Shorton,20.03.1982,27126.86
Eda,Colbridge,09.01.1956,1185.39
Berri,Bouzan,04.05.1962,16160.03
Ilaire,Doby,15.08.1952,27396.95
Myrta,Stair,04.03.1996,7452.5
Lottie,Greenleaf,26.01.2000,24001.83
Bethany,Stanbridge,19.07.1981,6788.38
Ardelis,Goodram,28.09.1987,12343.69
Betsey,McGrory,17.01.2014,14140.56
Cooper,Tieraney,12.09.1988,18449.07
Roshelle,MacAnespie,17.03.2006,25398.38
Starlin,Philcock,15.06.1990,20917.7
Eduardo,Biggen,11.07.2014,29537.72
Gerard,Northway,19.03.1956,26137.25
Tobin,Size,13.04.1980,2363.09
Normy,Coleman,17.07.1962,26976.29
Ceciley,Mariner,22.09.2013,10557.71
Jacklin,MacDonagh,13.05.1956,27057.64
Corrinne,Hanes,18.04.1963,18394.4
Audi,Tomaszewski,25.05.1988,2154.86
Allyn,Djorvic,13.01.1966,21981.73
Fran,Hentze,23.09.1964,29917.88
Flori,Chessman,24.09.1998,3909.16
Simona,Fletham,13.12.2015,18609.94
Aldrich,Othick,19.03.1994,18522.94
Rosalia,Camerati,06.02.2017,29766.86
Barth,Genney,20.11.1962,5152.44
Laurie,Attwoull,21.06.1994,11502.81
Moina,Vigne,02.06.1961,28650.8
Sheff,Phillins,24.10.1987,18439.73
Isabeau,Colter,15.04.2010,14399.44
Olivia,Hugill,09.10.1987,27896.59
Alisun,Mungane,25.10.1971,10361.26
Nefen,Sallings,15.03.1968,11516.75
Nancey,Fritschmann,25.04.2000,22838.34
Milzie,Bangle,21.11.2017,24418.69
Sasha,Hamstead,20.05.1996,26032.3
Melodie,Scorer,27.05.1993,23809.14
Guthrie,Kitchenman,01.03.1988,12127.11
Cherlyn,De Francesco,25.09.1983,20212.6
Lura,Billinge,04.09.2008,14503.22
Sigvard,Guise,30.12.1970,23148.09
Denyse,McPhater,19.02.1952,24308.88
Allen,Louth,15.07.2009,19815.51
Fonzie,Jeanin,11.08.2015,5120.29
Maressa,Hendriksen,02.07.2019,10932.5
Bruis,Culligan,28.07.1974,29828.68
Rosella,Plows,07.05.1967,12173.43
Andris,Haggidon,13.01.2016,28421.76
Virge,Rapp,06.04.1991,12416.82
Tildie,Vossgen,25.09.2017,18999.36
Halimeda,Josef,07.03.1966,23872.04
Aryn,Foulsham,04.08.1964,20033.2
Moritz,Tadman,20.07.1978,22767.36
Emmie,Verson,15.04.1969,16553.13
Farrah,Felkin,10.08.1975,23600.82
Marabel,Shinner,09.08.1994,25825.84
Catherin,MacCafferky,18.09.1967,16193.32
Carlyle,Methringham,25.02.2005,25161.21
Sheelagh,Vitall,08.01.1978,6334.88
Cass,Wyley,20.03.1966,21421.58
Emery,Saggs,24.02.2016,19398.72
Guntar,Rawdall,12.07.1975,15833.87
Anabel,Gath,07.09.1967,11959.39
Ivory,Warder,01.05.2008,9864.58
Raphaela,Druce,27.12.2000,14565.09
Marcella,Pezey,05.12.1982,17837.49
Lyndsie,Pochin,24.09.1981,22830.55
Windy,Sainsbury,18.02.1983,18734.8
Malina,Twittey,20.02.1974,28328.42
Marten,Jon,20.10.2015,27469.87
Kandace,Zimmermanns,18.01.1971,26880.25
Brig,Ielden,11.07.1994,27044.02
Lyda,Husthwaite,07.11.1964,28569.13
Archer,Izat,28.06.2016,12315.14
Beryle,Midner,02.03.2017,10591.2
Tatum,Wragge,28.09.1990,2148.56
Natale,Rebillard,13.06.2016,3360.36
Ivie,Behr,16.02.1965,7844.08
Cris,Simoni,24.02.2015,24596.11
Moyna,Bog,23.05.1983,28318.0
Eulalie,Willoughby,13.06.1971,1086.36
Niko,Fader,01.10.2010,6102.48
Denny,Hartus,27.09.1988,6998.82
Sherye,Jobey,18.06.2004,9183.66
Udell,Gutch,30.06.1953,5693.29
Petey,Gayter,11.04.1991,19987.83
Care,Bing,30.09.1996,18405.21
George,Jakobssen,02.10.1987,25212.58
Mellisa,Hairon,03.06.1954,2967.85
Galvin,Wincom,25.05.1982,15337.65
Cecilla,Marlon,25.01.1986,9565.26
Marjorie,Eastope,10.03.1952,8075.77
Bartie,De Andisie,27.12.1962,11914.55
Patric,Dirkin,03.03.2001,21066.0
Antonie,McCard,14.08.2008,21184.88
Parrnell,Soot,03.10.1971,22835.67
Meriel,Gilliland,12.04.2009,7022.97
Aili,Shickle,21.11.2002,11057.6
Natalie,Giovanetti,05.11.1984,11338.13
Guilbert,Shellshear,31.07.1982,24107.99
Jacinthe,Gonzalvo,10.02.1996,8252.73
Lamont,Adamovich,31.05.1980,6766.1
Kendricks,Syratt,16.08.2007,17132.29
Lazaro,Tebboth,14.12.1969,2990.07
Arnaldo,Mulcahy,22.06.1969,18194.04
Sada,Drewett,19.04.1970,23858.91
Dorelia,Bruinsma,28.08.1992,9293.87
Urson,Labbez,13.03.2008,25234.39
Theressa,Westley,09.12.1959,10484.73
Gregorio,Dearnaly,17.11.1977,26010.09
Vivian,Saunders,29.07.2012,24724.38
Gene,Jaumet,18.11.1992,16439.66
Reeta,Kirvin,28.09.2002,3450.77
Menard,Neylon,05.06.1965,17273.58
Mona,Hayles,18.03.2006,8257.93
Sly,Benech,02.07.2001,29927.44
Avril,Singh,27.03.2003,12860.03
Caprice,Morphey,15.03.2001,15895.5
Leoline,Van der Linde,16.01.1982,18053.8
Shalom,Olyfat,10.05.1998,25274.87
Darcee,Ivimey,12.03.1968,7002.68
Claudette,Guitel,17.01.1953,28766.84
Ethel,Beville,24.10.1988,19464.38
Mureil,Crowche,04.08.1959,29747.68
Eustacia,Hastings,13.02.1976,4376.34
Kevin,Brockbank,24.08.1969,2134.72
Nevsa,Le Brum,20.11.2015,3651.16
Dallon,Saberton,22.10.1994,10802.25
Bonni,McGroarty,07.01.1975,22590.0
Francine,Kilalea,24.09.2008,24377.01
Evelyn,Bramhill,23.05.2001,19026.82
Khalil,Charlwood,17.05.1980,23952.14
West,Leavry,03.01.1980,10667.5
Hana,Burchmore,22.08.1974,18223.56
Lilia,Geillier,23.12.1958,22769.64
Braden,Hawkey,28.07.1969,21638.31
Homer,Sanham,15.05.2001,6407.13
Mersey,Colling,05.04.1971,12159.17
Joshua,Rigby,29.05.1963,17178.65
Conny,Mont,19.06.1988,15728.14
Sashenka,Poluzzi,28.01.1960,28710.77
Rollie,McCerery,09.10.1962,14693.91
Locke,Zanelli,22.05.1977,24297.18
Keir,Carty,17.09.1984,2358.27
Ethyl,Hebblethwaite,21.05.1977,2772.7
Willa,Gyurkovics,20.10.1997,22850.67
Kat,Barlthrop,09.12.1978,15257.27
Genvieve,Twinborne,07.12.1970,14394.46
Jehanna,Yarnley,03.08.1976,3933.27
Hester,Borsnall,04.03.2013,14316.71
Emili,Seavers,23.03.1982,16586.52
Timothee,Laurand,21.02.2004,22896.18
Binny,De Domenicis,18.03.1967,3945.77
Odo,Ickovits,02.02.1985,6696.6
Boyce,Silversmidt,17.03.2007,8590.88
Heath,Ridley,17.12.1965,23186.03
Filippa,Shawl,26.11.2004,9818.41
Hewie,Rubinshtein,30.01.2018,21477.39
Pincus,Solman,08.05.1998,22213.0
Alleyn,Nodin,01.05.2000,25341.92
Lionel,Neat,19.02.1973,13388.86
Kendall,Stollman,24.12.1995,28206.92
Elena,Hourihan,12.04.2007,27442.02
Heidie,Fidell,17.02.1951,23576.28
Ruthy,Halesworth,23.05.1954,1187.24
Omero,Mitchely,10.12.1972,28504.81
Johnathon,Leverich,14.04.2018,9391.48
Pauli,Jedraszek,22.06.1979,18060.54
Andie,Heinrich,05.11.2014,23131.14
Nancee,Beggio,15.08.2016,14923.57
Lilian,Kamiyama,24.04.2014,12433.19
Andree,Kenafaque,10.04.1971,6905.28
Aviva,Sapson,06.01.1954,18388.67
Lavinie,Boow,14.11.1973,6861.93
York,Tilio,05.02.2019,6520.49
Margarita,Fincham,03.08.1999,19212.61
Harry,Dumphy,19.07.1974,13171.99
Dulciana,Foddy,19.11.1984,4460.93
Dorothee,Keld,22.02.2019,2743.89
Jeffy,Collingwood,12.03.1954,1155.96
Harvey,Lumpkin,07.12.1984,5567.24
Dalenna,Fitzgerald,12.07.2015,4286.52
Miguela,Curtoys,10.12.1997,7381.52
Zaria,Mandifield,11.08.1963,26139.89
Ruprecht,Caplin,30.04.1961,3398.64
Sherri,Lacey,10.08.1983,26351.06
Noble,Downes,23.03.2011,13192.92
Lynnell,Ranken,23.07.1962,27354.16
Merla,Alflat,31.07.1989,24609.42
Eloise,Beacock,08.08.2007,13777.42
Wakefield,Bowton,12.09.1988,10663.1
Katrine,Roxbrough,14.02.1952,10657.02
Zora,Southern,15.01.2017,24532.33
Tandi,Costi,28.02.2007,9817.58
Karen,Brinkler,25.03.1972,4505.29
Dolf,Potkin,03.03.1951,9770.63
Kelila,Colbrun,05.09.2012,1162.12
Agnola,Rampton,23.09.1971,29282.82
Melony,Sandyfirth,21.07.1960,24741.56
Garreth,Pawlik,17.11.2006,12465.62
Bree,Duffy,25.09.1975,19677.21
Lilllie,Sheeran,19.08.2016,8545.43
Sawyere,Haliburn,03.05.1989,27066.57
Derron,Campanelle,08.08.1994,9543.74
Hamid,Dossantos,15.09.1964,15713.13
Tull,Farnham,29.09.1964,13665.66
Davie,Greenhough,02.12.2007,10764.22
Claudine,Girardin,27.12.1982,25791.74
Dawn,Belch,10.11.1993,29839.23
Mahalia,Adne,05.04.1959,22504.58
Lorianna,Shoebrook,05.02.1959,12773.18
Christian,Simonetto,15.04.1978,11708.48
Aluin,Norcock,09.11.1990,13818.09
Colas,Tidridge,22.04.2002,6620.35
Mile,Goldster,13.11.2008,17922.7
Corliss,Antwis,19.11.2019,22602.61
Laurene,Portman,22.10.1998,16052.77
Earl,Roglieri,06.07.1974,21734.01
Darby,Adkins,04.06.1962,18150.14
Tallou,Barreau,13.08.1977,24044.91
Ernestus,Ackhurst,31.10.2005,29697.38
Teodoor,Cloughton,19.01.1964,24484.6
Emmy,Peche,17.08.1951,18810.13
Lacee,Gascone,02.11.2004,5580.07
Nicolis,Eckart,08.12.1954,15588.98
Aldin,Sehorsch,04.03.1977,28444.85
Corette,Elkin,07.03.1985,19835.49
Arlee,Espy,09.07.2009,6432.96
Angelo,Gullyes,01.04.1955,27330.4
Misha,Sanday,13.08.1966,2675.75
Freda,Hexam,08.06.1955,15735.45
Margette,Buckler,04.11.1971,24597.29
Tova,Crowley,11.10.1961,26323.18
Zulema,Fairbairn,07.07.1955,24685.61
Chick,Abadam,14.10.1960,11117.59
Yovonnda,Dickin,16.05.1950,21785.28
Daron,Sainsberry,28.12.1983,22004.74
Tyler,Sleep,15.03.1968,4378.13
Elsy,Fancourt,03.11.2012,7216.05
Darrick,Leathes,26.05.1955,24283.4
Mada,Bingell,06.12.2016,28957.57
Evered,Robshaw,09.11.1953,6706.4
Ivette,Trail,11.11.1992,7662.61
Hoebart,Carrick,19.04.1992,13228.7
Chrystel,Mulrooney,23.09.2007,9968.07
Konstance,Hallgath,12.06.1968,27239.15
Casi,Medler,25.06.2019,27261.9
Keeley,Rheubottom,30.08.1981,27881.52
Dion,Lotterington,16.06.1973,22319.14
Thomasin,Scholtis,20.01.2010,22329.05
Osmund,Rottery,31.10.1982,21034.3
Dagmar,Lineker,31.07.2009,20983.26
Merrill,Robroe,17.06.2010,17399.51
Javier,Rasher,08.06.1954,12119.97
Cristie,Chatt,25.03.1991,19366.86
Dasya,Kevane,09.01.1970,8151.04
Kristen,Lemanu,08.01.2004,22993.82
Miles,Macellar,02.09.2004,1114.75
Terese,Liggons,26.11.2018,13732.89
Roselia,Troyes,19.12.1959,7962.72
Fredrick,Scutchings,16.12.1976,11488.29
Jena,Rickasse,27.06.1977,17729.92
Marcella,Riatt,01.05.2018,22355.33
Tisha,Andreucci,16.04.1977,9830.36
Nahum,Simyson,20.06.1954,24932.92
Marlene,Broe,28.05.1993,6374.97
